0.0000000e+00,-6.2294615e-01,-5.7879556e-01
0.0000000e+00,1.0996132e+00,1.5500658e+00
1.0000000e+00,7.5478522e-01,-1.9761588e+00
1.0000000e+00,-1.1363480e+00,-3.8625796e-02
1.0000000e+00,-1.2266627e-01,-1.8508252e+00
0.0000000e+00,-6.3001856e-01,-1.0096557e+00
1.0000000e+00,1.4167712e+00,4.4305545e-01
0.0000000e+00,1.3763327e+00,-7.4692372e-01
0.0000000e+00,-1.3597133e+00,-1.6884065e+00
1.0000000e+00,1.6465898e+00,2.1645687e-02
0.0000000e+00,1.3090810e+00,1.4546116e+00
0.0000000e+00,-1.8043410e+00,-1.6300644e+00
1.0000000e+00,-1.1433842e+00,-2.7388968e-01
0.0000000e+00,1.1085271e+00,-1.3147578e+00
0.0000000e+00,1.3070019e+00,-1.8976157e+00
1.0000000e+00,1.6583174e+00,-5.6281713e-01
1.0000000e+00,-2.0173470e-01,1.1953738e+00
1.0000000e+00,8.9239298e-01,7.2747086e-01
0.0000000e+00,-5.4687072e-01,-4.4970816e-02
0.0000000e+00,-1.9335119e+00,-1.5525209e+00
0.0000000e+00,1.2389151e+00,-2.0213511e+00
0.0000000e+00,-7.4070461e-01,-3.2592757e-01
1.0000000e+00,-5.1180560e-01,6.2078556e-01
1.0000000e+00,-1.1123158e+00,2.4694056e-01
1.0000000e+00,6.0943320e-01,-1.1740100e+00
0.0000000e+00,3.9214097e-01,-8.1073467e-01
1.0000000e+00,2.5366524e-01,6.7773471e-01
1.0000000e+00,5.8681969e-01,8.1217110e-01
1.0000000e+00,-1.3870785e+00,-1.9852238e-01
1.0000000e+00,-8.1166868e-01,-2.9759704e-01
0.0000000e+00,1.5308837e+00,-1.7899671e+00
1.0000000e+00,-3.0903334e-01,-2.0862718e+00
0.0000000e+00,-6.2950129e-01,2.2622549e-02
1.0000000e+00,1.3069984e+00,-8.5273831e-02
0.0000000e+00,-1.0936020e-01,-7.7289993e-01
0.0000000e+00,-1.3662765e+00,-1.1222895e+00
0.0000000e+00,1.0584110e+00,1.1849395e+00
1.0000000e+00,-1.0905596e+00,6.5198172e-01
1.0000000e+00,-1.2724182e+00,-2.0370209e-02
0.0000000e+00,1.1213763e+00,1.0726330e+00
0.0000000e+00,1.7051569e-01,-7.1288435e-01
1.0000000e+00,9.6550711e-01,9.6263325e-01
1.0000000e+00,1.5040684e+00,-1.4167239e-01
1.0000000e+00,3.0624335e-01,6.8421101e-01
1.0000000e+00,-1.5764431e+00,1.5339643e-01
1.0000000e+00,-1.2823953e+00,-6.2912730e-01
1.0000000e+00,-6.9258682e-01,5.9925469e-01
0.0000000e+00,-5.3320507e-01,-1.6613164e+00
0.0000000e+00,-4.7775796e-01,-7.4194240e-01
1.0000000e+00,1.5017543e-01,1.1214553e+00
0.0000000e+00,3.0776216e-01,-7.0252948e-01
0.0000000e+00,1.0375955e+00,-1.2008847e+00
1.0000000e+00,2.8414987e-01,-1.9469114e+00
1.0000000e+00,-8.3586005e-01,-1.4765162e+00
1.0000000e+00,5.8067080e-01,5.5827060e-01
1.0000000e+00,-1.4288548e+00,7.4590749e-02
1.0000000e+00,1.0510995e+00,3.0674699e-01
1.0000000e+00,4.9081384e-01,8.7085108e-01
1.0000000e+00,-1.4692723e-01,7.7949895e-01
1.0000000e+00,-5.1180662e-01,-2.2966412e-01
1.0000000e+00,7.9146504e-01,2.0185012e-01
1.0000000e+00,-1.3533857e+00,-7.2714037e-01
0.0000000e+00,-1.2328826e+00,-1.0203453e+00
1.0000000e+00,9.3456176e-01,-9.5202911e-02
0.0000000e+00,-2.6241618e-02,5.3657400e-01
1.0000000e+00,-1.1198153e+00,-7.9202822e-02
0.0000000e+00,4.3936933e-01,-5.1380229e-01
1.0000000e+00,8.9526087e-01,1.9051811e-01
1.0000000e+00,-5.5851800e-01,-1.2670709e+00
1.0000000e+00,-1.1920327e+00,1.9356994e-01
0.0000000e+00,1.0116805e+00,1.5507621e+00
1.0000000e+00,-1.3366445e-01,-2.3196253e+00
0.0000000e+00,-8.6327695e-01,-9.8688411e-01
1.0000000e+00,1.3530187e+00,-1.2561989e-01
1.0000000e+00,9.9389825e-01,-3.1946491e-01
1.0000000e+00,-1.4753758e+00,3.7467814e-01
0.0000000e+00,-1.5609670e+00,-1.8222213e+00
1.0000000e+00,5.4313708e-01,7.4626330e-01
0.0000000e+00,8.0938143e-01,-1.5645444e+00
0.0000000e+00,-1.6101310e-01,-1.7728727e-01
1.0000000e+00,7.6194203e-01,9.6369697e-01
1.0000000e+00,1.1005712e+00,-7.8867528e-02
1.0000000e+00,-1.3638240e+00,4.3602324e-02
1.0000000e+00,-7.6640794e-01,-3.7576547e-01
0.0000000e+00,1.8079717e+00,-1.6705147e+00
1.0000000e+00,-1.0434345e+00,-1.2583424e+00
0.0000000e+00,-3.7500922e-01,8.3712231e-01
0.0000000e+00,-1.1608982e+00,-1.2012418e+00
0.0000000e+00,1.3862147e+00,-1.4027895e+00
1.0000000e+00,7.7245918e-02,-1.3786166e+00
0.0000000e+00,2.7580370e-01,5.6605163e-01
1.0000000e+00,-4.6320018e-01,7.8872753e-01
1.0000000e+00,-5.2753537e-01,-1.1807601e+00
1.0000000e+00,6.7182532e-01,8.5807785e-01
1.0000000e+00,-1.3354404e+00,8.5686883e-02
1.0000000e+00,4.1749555e-01,-2.5585360e+00
1.0000000e+00,-1.3753006e+00,6.9511612e-02
0.0000000e+00,-1.4814152e+00,-2.1398331e+00
0.0000000e+00,1.4304646e+00,-1.7386499e+00
1.0000000e+00,7.3812290e-01,7.3301757e-01
1.0000000e+00,-1.1316670e+00,3.9040244e-02
0.0000000e+00,8.5927059e-01,-8.2893378e-01
0.0000000e+00,-5.0768868e-01,-1.3912766e+00
1.0000000e+00,9.8247739e-01,-6.0003495e-02
1.0000000e+00,-1.1178954e+00,7.1512784e-02
1.0000000e+00,-1.2710312e+00,-1.3203713e-01
1.0000000e+00,-4.7664759e-01,6.5755594e-01
0.0000000e+00,8.0512945e-01,-9.0475585e-01
0.0000000e+00,-1.6936094e+00,-1.5099619e+00
1.0000000e+00,1.8713317e-01,-1.1555242e+00
0.0000000e+00,1.6811387e+00,-1.3761510e+00
0.0000000e+00,6.2266347e-01,-7.3744779e-01
0.0000000e+00,1.6760198e+00,-1.5932803e+00
0.0000000e+00,-8.4376523e-01,-1.1479730e+00
1.0000000e+00,-3.7445561e-01,7.2270630e-01
1.0000000e+00,1.4087971e+00,-1.9855558e-02
0.0000000e+00,-1.0715803e-01,-1.9712670e-01
1.0000000e+00,6.4360712e-01,7.1630860e-01
1.0000000e+00,1.6493607e+00,-7.4840872e-01
0.0000000e+00,-1.7321927e-01,-6.8693230e-01
0.0000000e+00,-1.4170958e-01,4.1052526e-01
1.0000000e+00,-1.1044906e+00,4.1756257e-03
1.0000000e+00,5.3264459e-01,5.5085176e-01
1.0000000e+00,8.1601575e-03,-2.1198230e+00
0.0000000e+00,-1.0802461e+00,-1.1059452e+00
0.0000000e+00,1.3875445e-01,-6.6864240e-01
1.0000000e+00,-3.3327490e-01,6.1521635e-01
0.0000000e+00,1.5942125e+00,-1.7011639e+00
0.0000000e+00,-5.1902282e-01,-7.9817878e-02
1.0000000e+00,1.6104749e+00,8.7730142e-02
0.0000000e+00,1.3916245e+00,-1.1988115e+00
1.0000000e+00,9.2200562e-01,6.2749535e-02
0.0000000e+00,1.3132070e-01,-7.1672431e-01
1.0000000e+00,2.7107328e-01,-1.0507202e+00
0.0000000e+00,3.6057315e-01,-9.3496050e-01
0.0000000e+00,1.2256966e+00,-1.2388254e+00
1.0000000e+00,1.0722675e+00,-1.9742780e-01
0.0000000e+00,4.5420167e-01,-2.9184964e-01
0.0000000e+00,-1.4690197e+00,-8.6296240e-01
1.0000000e+00,1.3043742e+00,1.0494873e-01
0.0000000e+00,-1.4456582e+00,-1.3786423e+00
1.0000000e+00,5.6404066e-01,1.0508352e+00
1.0000000e+00,-7.0931463e-02,5.4576743e-01
0.0000000e+00,-1.7111868e+00,-1.5504588e+00
1.0000000e+00,2.8773353e-01,4.4879738e-01
0.0000000e+00,1.3484342e+00,9.8144695e-01
1.0000000e+00,-9.8318721e-01,-6.7932463e-02
1.0000000e+00,1.2663022e+00,-1.4888588e-01
0.0000000e+00,1.4463924e+00,-2.0202574e+00
1.0000000e+00,-4.9007109e-01,1.1413808e+00
1.0000000e+00,1.0172041e+00,-1.5181898e-01
1.0000000e+00,-5.8181749e-01,5.5616376e-01
0.0000000e+00,2.5356742e-01,-3.2514766e-01
0.0000000e+00,-1.0986729e+00,-1.7093815e+00
1.0000000e+00,1.8444923e+00,8.1747440e-02
1.0000000e+00,5.7805847e-01,-1.2788625e+00
1.0000000e+00,-1.7352541e-01,-1.9660802e+00
0.0000000e+00,1.1590188e+00,-9.4753750e-01
0.0000000e+00,-3.0434097e-01,-1.1164192e-01
0.0000000e+00,-1.1092083e+00,-5.7895878e-01
0.0000000e+00,-8.3768810e-01,-1.2367893e+00
0.0000000e+00,1.1604137e+00,-5.6207193e-01
1.0000000e+00,3.6003936e-01,-1.2881856e+00
1.0000000e+00,6.2421099e-01,5.1054285e-01
0.0000000e+00,1.3259504e+00,-1.7868510e+00
0.0000000e+00,1.6837937e+00,-1.3558498e+00
0.0000000e+00,-1.6520143e+00,-1.8327729e+00
1.0000000e+00,1.1591187e+00,-6.4236497e-02
1.0000000e+00,1.0762275e+00,-1.9655728e-01
1.0000000e+00,-1.2200516e+00,-5.0061556e-01
1.0000000e+00,4.3762067e-01,1.0620935e+00
1.0000000e+00,-9.2222321e-01,9.1586542e-01
1.0000000e+00,3.3436653e-01,-1.2659023e+00
1.0000000e+00,7.6416165e-01,1.8153958e-01
1.0000000e+00,-3.3627583e-01,-1.8362251e+00
1.0000000e+00,-5.2991428e-01,6.2308199e-01
1.0000000e+00,-6.4112025e-01,7.2152559e-01
0.0000000e+00,-2.9829080e-01,-5.0171214e-01
0.0000000e+00,-1.3279660e+00,-4.5506666e-01
0.0000000e+00,2.0715669e+00,-1.1979592e+00
1.0000000e+00,1.4895895e+00,-1.0808699e-01
0.0000000e+00,1.2441043e+00,-1.8942715e+00
0.0000000e+00,1.4694138e+00,1.2710423e+00
1.0000000e+00,1.3119866e+00,-1.6809056e-02
1.0000000e+00,1.3304034e+00,4.6113770e-01
1.0000000e+00,5.1412543e-01,1.1358402e+00
1.0000000e+00,-1.0443956e+00,-2.0403646e-01
1.0000000e+00,-3.5046769e-01,9.6686313e-01
0.0000000e+00,-3.9723858e-01,-5.7956091e-01
0.0000000e+00,-1.3008277e+00,-1.0236192e+00
1.0000000e+00,2.5754157e-01,5.8737329e-01
1.0000000e+00,-1.5390059e+00,3.5559812e-01
0.0000000e+00,1.5018933e+00,-1.4455105e+00
0.0000000e+00,-1.4816029e+00,-1.6012619e+00
0.0000000e+00,5.6244563e-01,-8.8873207e-01
0.0000000e+00,-8.6192538e-01,-1.4813059e+00
0.0000000e+00,1.2092846e+00,1.0653469e+00
0.0000000e+00,1.8065579e+00,-9.1791213e-01
1.0000000e+00,4.7708033e-01,7.1581096e-01
1.0000000e+00,1.3038691e+00,-9.7385658e-03
1.0000000e+00,4.5864611e-01,-1.9766011e+00
0.0000000e+00,1.1583750e+00,1.5101881e+00
1.0000000e+00,-1.3459225e-01,-1.3981903e+00
0.0000000e+00,9.8279291e-02,1.4445879e-01
1.0000000e+00,-5.9735599e-01,5.9900832e-01
1.0000000e+00,-1.1954017e+00,2.0410807e-01
0.0000000e+00,7.5767389e-02,7.4828514e-02
0.0000000e+00,-1.8076558e+00,-1.4468604e+00
1.0000000e+00,1.6426887e+00,-5.0102270e-01
1.0000000e+00,-1.4026506e+00,4.1190529e-01
0.0000000e+00,1.1768017e+00,1.1810647e+00
1.0000000e+00,3.1275286e-01,3.8527219e-01
1.0000000e+00,1.7859703e+00,1.7661832e-01
1.0000000e+00,-3.0429748e-01,1.0778050e+00
0.0000000e+00,-1.4151775e+00,-1.5841738e+00
0.0000000e+00,1.9659485e+00,-1.1805134e+00
0.0000000e+00,-6.3911794e-01,-2.1965370e-01
0.0000000e+00,4.6399523e-01,-8.2873213e-01
0.0000000e+00,-5.7210264e-01,-8.0050983e-01
1.0000000e+00,2.5450780e-01,1.1680646e+00
0.0000000e+00,-1.6578317e+00,-1.8514937e+00
1.0000000e+00,4.3498149e-01,-1.7052241e+00
1.0000000e+00,1.1501294e+00,1.8951792e-01
0.0000000e+00,1.6926391e+00,-9.7576119e-01
1.0000000e+00,6.9619329e-01,6.9497689e-01
0.0000000e+00,1.4752880e+00,-1.2333023e+00
1.0000000e+00,-2.5165170e-01,-1.5834879e+00
0.0000000e+00,7.5584362e-01,-4.6638051e-01
0.0000000e+00,2.3407125e-01,5.2084907e-01
0.0000000e+00,-8.2644365e-01,-5.9267379e-01
1.0000000e+00,-8.6431718e-01,-6.2623743e-01
0.0000000e+00,9.2927500e-02,-6.1557051e-01
1.0000000e+00,-5.8756135e-01,-1.5415989e+00
0.0000000e+00,5.9289481e-01,-8.1985162e-01
1.0000000e+00,6.3259957e-01,-1.3091533e+00
1.0000000e+00,-1.1896253e+00,2.4758863e-01
1.0000000e+00,3.8612811e-02,-1.0728633e+00
0.0000000e+00,1.4953767e+00,-9.2267178e-01
1.0000000e+00,1.4816760e+00,4.8063183e-01
1.0000000e+00,-1.2553952e+00,-3.6696449e-02
1.0000000e+00,-1.3211730e+00,-1.9354484e-04
1.0000000e+00,-4.8781362e-01,9.7366566e-01
1.0000000e+00,1.0012353e+00,1.7880844e-01
1.0000000e+00,-3.6599860e-02,-1.6306801e+00
0.0000000e+00,1.7002389e+00,-1.3820845e+00
0.0000000e+00,9.6440231e-01,-2.7498056e-01
0.0000000e+00,2.6399804e-01,2.1944107e-03
0.0000000e+00,5.4404090e-01,-1.0066774e+00
0.0000000e+00,-2.8816083e-01,-6.0779221e-01
0.0000000e+00,2.0997882e-01,-1.0231996e-01
1.0000000e+00,-6.2182142e-01,7.2380045e-01
1.0000000e+00,3.0678899e-01,-1.9015259e+00
1.0000000e+00,1.3603562e+00,-1.4912626e-01
0.0000000e+00,8.8757466e-01,-6.5236399e-01
0.0000000e+00,1.0560481e+00,-1.6597380e+00
0.0000000e+00,-1.2069102e+00,-5.1671216e-01
0.0000000e+00,9.5507380e-01,-1.0046875e+00
1.0000000e+00,9.5498583e-01,6.3017454e-03
0.0000000e+00,1.4621170e+00,-1.1887259e+00
0.0000000e+00,2.0544822e+00,-1.6487680e+00
1.0000000e+00,1.4185025e+00,3.6790483e-01
1.0000000e+00,-6.7505130e-01,3.2593545e-01
1.0000000e+00,1.5584588e+00,2.3252257e-01
1.0000000e+00,-2.1847212e-01,1.0553845e+00
1.0000000e+00,-4.1494315e-01,8.1228740e-01
0.0000000e+00,7.8246279e-01,-1.1325689e+00
1.0000000e+00,-1.3581991e+00,-6.7469711e-02
1.0000000e+00,-3.5592071e-01,9.0349605e-01
1.0000000e+00,1.0111403e+00,1.9195996e-01
0.0000000e+00,8.0902329e-01,-1.7399279e+00
0.0000000e+00,-2.7225995e-01,9.1634393e-01
0.0000000e+00,1.4299030e+00,-1.8629314e+00
1.0000000e+00,1.3468771e+00,3.2440475e-01
1.0000000e+00,-2.7784294e-01,7.9252751e-01
0.0000000e+00,1.8862247e+00,-1.7976570e+00
1.0000000e+00,1.0547367e+00,1.6479016e-01
0.0000000e+00,-1.8120571e-01,1.4193437e-01
1.0000000e+00,1.2929799e+00,2.0475934e-01
0.0000000e+00,1.4242770e+00,-1.6406111e+00
0.0000000e+00,-1.0544687e+00,-2.5322242e-01
1.0000000e+00,1.6379668e-01,-1.6829742e+00
0.0000000e+00,1.3241185e-02,4.4106550e-01
1.0000000e+00,-1.1638113e-01,1.2058765e+00
0.0000000e+00,3.1506543e-01,-4.6485479e-01
0.0000000e+00,1.5215332e+00,-1.0408785e+00
0.0000000e+00,-1.0513601e+00,-1.8480505e-01
1.0000000e+00,6.0971304e-01,-1.3938884e+00
1.0000000e+00,3.6056931e-01,-1.4614883e+00
1.0000000e+00,1.9883122e-01,-1.7690375e+00
0.0000000e+00,1.3906373e+00,-2.1735885e+00
1.0000000e+00,1.2094298e+00,-1.9292847e-01
1.0000000e+00,1.7899718e+00,-2.5084739e-01
1.0000000e+00,-8.7561790e-01,1.1256088e+00
0.0000000e+00,-1.0634882e+00,-4.6324729e-01
0.0000000e+00,1.3014072e+00,-1.4080048e+00
1.0000000e+00,6.6002657e-01,9.3538597e-01
1.0000000e+00,5.5716010e-01,-2.2920699e+00
0.0000000e+00,2.0311212e+00,-1.5465691e+00
1.0000000e+00,-3.4728032e-01,6.0944686e-01
1.0000000e+00,-2.7161243e-01,4.4652810e-01
0.0000000e+00,1.1571950e+00,-1.3279857e+00
1.0000000e+00,-7.5535544e-01,5.8897135e-01
1.0000000e+00,1.3851619e+00,1.1913232e-01
0.0000000e+00,-1.3448491e+00,-1.7557647e+00
0.0000000e+00,2.3580064e-01,1.2925319e-01
0.0000000e+00,-2.6624389e-01,2.7335785e-01
0.0000000e+00,1.1821861e+00,-1.3096153e+00
0.0000000e+00,1.7277145e+00,-1.6738941e+00
1.0000000e+00,1.4049425e+00,3.0567771e-01
1.0000000e+00,1.3888824e+00,3.2007207e-01
0.0000000e+00,1.3837042e+00,-1.3924290e+00
0.0000000e+00,2.1633455e-01,-8.1226068e-01
1.0000000e+00,1.3771887e+00,-4.8605489e-01
0.0000000e+00,1.1957442e+00,1.0328362e+00
1.0000000e+00,-1.4261499e+00,2.5687891e-01
1.0000000e+00,-3.6126348e-01,7.2368231e-01
0.0000000e+00,1.2725135e+00,-2.1023605e+00
0.0000000e+00,2.9760429e-01,-3.7378648e-02
1.0000000e+00,-1.0746176e+00,4.3830132e-03
1.0000000e+00,9.1506472e-01,1.5355145e+00
0.0000000e+00,1.9488598e+00,-1.6124167e+00
0.0000000e+00,8.3234875e-01,1.6955356e+00
0.0000000e+00,2.1847016e+00,-1.0615470e+00
0.0000000e+00,-4.5139540e-01,2.8549137e-01
0.0000000e+00,1.1537504e+00,-8.6202060e-01
0.0000000e+00,1.3222667e+00,-1.5900444e+00
1.0000000e+00,-3.0858784e-01,-1.4905776e+00
0.0000000e+00,6.7964123e-01,-1.2883917e+00
0.0000000e+00,-6.0596515e-01,-7.6294918e-01
1.0000000e+00,-4.1391414e-01,5.1185018e-01
0.0000000e+00,-2.2181486e+00,-1.5969297e+00
1.0000000e+00,-1.4190266e+00,2.8518931e-01
0.0000000e+00,5.9364902e-01,-2.1193384e-01
0.0000000e+00,8.2706301e-01,-5.1688528e-01
1.0000000e+00,-3.1402765e-01,-1.7056253e+00
0.0000000e+00,-2.0687871e+00,-1.4328795e+00
0.0000000e+00,-8.5811405e-01,-6.2736717e-01
0.0000000e+00,2.6356965e-01,8.2925453e-01
0.0000000e+00,1.1481033e+00,-9.2211444e-01
0.0000000e+00,-2.0664091e-01,-2.1620050e-01
0.0000000e+00,1.6407787e+00,-1.3169649e+00
0.0000000e+00,-6.1723799e-01,-1.1309751e-01
1.0000000e+00,4.6787397e-01,1.2595304e+00
1.0000000e+00,-1.0418083e+00,-2.7444825e-01
0.0000000e+00,5.6235140e-01,-3.0545700e-01
0.0000000e+00,-1.4246351e+00,-1.1642289e+00
0.0000000e+00,-1.3031899e+00,-1.4578766e+00
1.0000000e+00,3.0187798e-01,1.0630036e+00
0.0000000e+00,1.7519466e+00,-1.4315269e+00
0.0000000e+00,-1.8608621e+00,-1.3821479e+00
0.0000000e+00,8.5333142e-01,-8.5699910e-01
1.0000000e+00,-9.3893330e-01,-6.6293113e-02
0.0000000e+00,1.4727327e-02,4.0823494e-01
0.0000000e+00,-7.2620566e-01,-1.1499210e+00
0.0000000e+00,3.3640944e-01,-5.3947173e-01
1.0000000e+00,4.7986687e-01,9.2519506e-01
0.0000000e+00,1.4611294e+00,-1.2636089e+00
1.0000000e+00,-1.0210577e+00,-8.4004797e-02
0.0000000e+00,-1.7899217e+00,-1.2748584e+00
1.0000000e+00,1.6352914e+00,-2.5307698e-01
0.0000000e+00,5.0836641e-01,-9.1481261e-01
1.0000000e+00,4.3062189e-01,1.0677087e+00
0.0000000e+00,1.7059614e+00,-1.3562150e+00
0.0000000e+00,-7.8863359e-02,-3.1937410e-01
1.0000000e+00,7.8527312e-01,1.0739961e+00
0.0000000e+00,-1.5485236e+00,-1.5157680e+00
0.0000000e+00,1.7426424e+00,1.6510958e+00
1.0000000e+00,7.0951239e-01,-1.2410012e+00
0.0000000e+00,-8.0057627e-01,-1.2158915e+00
0.0000000e+00,1.5854941e+00,1.1087215e+00
1.0000000e+00,1.6591430e+00,-4.4734622e-01
0.0000000e+00,1.0715013e+00,-1.3258262e+00
1.0000000e+00,1.2736142e+00,-4.5551067e-01
0.0000000e+00,-1.6183776e+00,-1.3713021e+00
1.0000000e+00,-6.3314595e-01,1.1285735e+00
1.0000000e+00,-3.5611995e-01,1.2729366e+00
1.0000000e+00,6.8767419e-01,6.5517957e-01
1.0000000e+00,2.6636149e-01,-1.1553827e+00
1.0000000e+00,-1.4399834e+00,1.2986581e-02
1.0000000e+00,-1.2522290e+00,6.2372421e-03
0.0000000e+00,1.5879577e+00,-1.4480078e+00
0.0000000e+00,4.4016209e-01,5.0058621e-02
0.0000000e+00,-3.3405568e-01,-2.4432405e-01
0.0000000e+00,-9.7881337e-01,-5.4447654e-01
0.0000000e+00,-2.0091541e+00,-1.3756998e+00
0.0000000e+00,1.1252464e+00,9.5449989e-01
0.0000000e+00,-1.0977085e+00,-1.6396452e+00
1.0000000e+00,1.8331852e-01,4.8712197e-01
1.0000000e+00,-1.8300685e-01,-2.0919809e+00
0.0000000e+00,1.4497894e+00,-1.0337713e+00
0.0000000e+00,-7.5486503e-01,-6.1716486e-01
1.0000000e+00,-2.7444759e-01,-2.2864552e+00
1.0000000e+00,-1.1050397e+00,1.8335494e-01
0.0000000e+00,1.5721342e+00,-1.6081690e+00
0.0000000e+00,1.2685878e+00,-1.8588858e+00
0.0000000e+00,-1.6316227e+00,-1.5172530e+00
0.0000000e+00,1.5810882e+00,-1.3488532e+00
0.0000000e+00,8.4136345e-01,1.1238413e+00
1.0000000e+00,5.4164130e-01,-1.2691951e+00
0.0000000e+00,6.6176434e-02,-3.7140180e-02
0.0000000e+00,-5.1143604e-01,-1.2906310e-01
1.0000000e+00,5.5218088e-01,9.2574478e-01
0.0000000e+00,-8.6822347e-01,-5.7682240e-01
1.0000000e+00,-5.5616015e-01,7.1223741e-01
1.0000000e+00,-2.3720322e-01,1.0435872e+00
1.0000000e+00,-7.9930715e-01,-2.6356107e-01
1.0000000e+00,-5.9892564e-01,9.5706210e-01
1.0000000e+00,1.1912816e+00,9.1137717e-01
0.0000000e+00,-2.0582416e+00,-1.5249808e+00
0.0000000e+00,-8.3567892e-01,-7.4370333e-01
0.0000000e+00,2.2999086e-01,2.5985889e-01
1.0000000e+00,9.1648237e-01,1.3943178e+00
1.0000000e+00,1.1911027e+00,2.8159416e-01
1.0000000e+00,-5.2025885e-01,2.8401046e-01
1.0000000e+00,-4.2986665e-01,7.2558902e-01
1.0000000e+00,7.5442589e-01,-1.7951860e+00
1.0000000e+00,1.2285995e+00,2.6484130e-01
1.0000000e+00,-2.8374024e-01,9.1632445e-01
1.0000000e+00,-3.0168292e-01,-1.6209207e+00
1.0000000e+00,-1.0398212e+00,9.7115351e-02
1.0000000e+00,-8.7781167e-01,1.4704838e-01
1.0000000e+00,8.3149272e-01,-1.3392400e+00
0.0000000e+00,8.0026513e-02,-5.7506954e-01
0.0000000e+00,1.7081149e+00,-1.2118420e+00
1.0000000e+00,-1.1623572e-01,-1.9055071e+00
0.0000000e+00,-6.0004223e-01,-4.1989224e-01
0.0000000e+00,-1.8264301e-01,1.0494243e+00
1.0000000e+00,-1.2537464e+00,2.8469129e-01
1.0000000e+00,8.1546467e-01,6.4945768e-01
0.0000000e+00,-7.1111327e-01,-6.3727111e-01
1.0000000e+00,-1.6092377e+00,-2.5133738e-01
0.0000000e+00,-1.7595311e+00,-9.4595467e-01
0.0000000e+00,-1.1463031e+00,-1.0407847e+00
1.0000000e+00,-6.6624188e-01,5.4274126e-01
0.0000000e+00,-1.1560994e+00,-1.8010942e+00
1.0000000e+00,6.6538150e-01,9.8372165e-01
0.0000000e+00,3.5417501e-01,-5.3628918e-01
1.0000000e+00,1.2480679e+00,4.0039855e-01
0.0000000e+00,-2.0550341e-01,4.3198462e-01
1.0000000e+00,-1.1113573e+00,1.8886956e-01
1.0000000e+00,-4.7683439e-01,8.9793424e-01
1.0000000e+00,3.6311864e-01,3.9056522e-01
0.0000000e+00,-2.7507400e+00,-1.6649166e+00
0.0000000e+00,2.0589905e+00,-1.1202486e+00
0.0000000e+00,1.7282936e+00,-9.7097689e-01
1.0000000e+00,6.1103081e-01,6.9392584e-01
1.0000000e+00,3.5843931e-01,-1.6693869e+00
1.0000000e+00,-1.3637351e+00,-9.0741521e-02
0.0000000e+00,-1.3386573e+00,-2.0766807e+00
1.0000000e+00,-1.2704915e+00,3.3687980e-01
1.0000000e+00,-4.7396310e-01,6.8890386e-01
1.0000000e+00,-1.1575315e+00,-6.1913775e-03
0.0000000e+00,-8.7618869e-01,-9.4411189e-01
1.0000000e+00,-1.0142562e+00,1.8246544e-01
1.0000000e+00,-6.4885811e-01,4.5527078e-01
1.0000000e+00,1.1175320e+00,7.9677471e-01
1.0000000e+00,1.6634788e-01,-1.7197449e+00
1.0000000e+00,-6.2086476e-01,1.8567939e-02
1.0000000e+00,-4.6868541e-02,-1.4678526e+00
1.0000000e+00,1.1741220e+00,-8.8063208e-02
0.0000000e+00,4.2847334e-01,-3.0914726e-01
0.0000000e+00,-1.2613049e+00,-1.6702791e+00
0.0000000e+00,-1.0015776e+00,-1.0647399e+00
0.0000000e+00,2.1236303e-01,1.2261631e-02
1.0000000e+00,4.8123687e-02,-1.3622817e+00
0.0000000e+00,-1.4974335e+00,-1.4962099e+00
0.0000000e+00,1.8806742e+00,-1.4188725e+00
1.0000000e+00,-3.2012049e-01,5.9766842e-01
1.0000000e+00,5.7293812e-01,4.6528379e-01
1.0000000e+00,2.6395638e-02,6.7738942e-01
1.0000000e+00,-6.7663600e-02,-1.5905317e+00
1.0000000e+00,5.0035095e-01,1.0321052e+00
1.0000000e+00,1.1161508e+00,-5.5566729e-01
1.0000000e+00,3.4858205e-03,-1.2060791e+00
1.0000000e+00,4.8840956e-01,8.7364946e-01
1.0000000e+00,-6.6434010e-01,7.1829950e-01
0.0000000e+00,-3.3734258e-01,-7.4959808e-01
0.0000000e+00,1.3354973e+00,-2.3116399e+00
0.0000000e+00,9.0158104e-01,-1.4616567e+00
1.0000000e+00,-4.8225898e-01,4.6689753e-01
1.0000000e+00,-5.0426405e-01,1.3957648e+00
0.0000000e+00,5.4626156e-01,-1.5549861e+00
0.0000000e+00,1.2805336e+00,1.4831669e+00
1.0000000e+00,6.4774681e-01,8.4015938e-01
0.0000000e+00,1.6545095e+00,-1.2591316e+00
0.0000000e+00,8.9633059e-03,-4.6046926e-01
0.0000000e+00,-1.0925174e+00,-7.3074860e-01
0.0000000e+00,1.6253473e+00,-6.7191598e-01
0.0000000e+00,1.3519436e+00,-1.7398128e+00
0.0000000e+00,-1.2406673e+00,-1.7432549e+00
0.0000000e+00,1.0448655e+00,-1.0804868e+00
0.0000000e+00,1.3877056e-01,2.8308478e-01
1.0000000e+00,-2.7795393e-01,7.6249923e-01
0.0000000e+00,-1.9410550e+00,-1.9945762e+00
0.0000000e+00,-1.1302400e+00,-7.6942383e-01
0.0000000e+00,1.5985371e+00,-1.9219430e+00
0.0000000e+00,-1.1044168e+00,-6.8324097e-01
1.0000000e+00,8.7612123e-01,-1.3349356e+00
0.0000000e+00,-2.2450717e+00,-1.9171065e+00
1.0000000e+00,1.3264983e+00,6.2749913e-02
0.0000000e+00,9.1487442e-01,1.2918595e+00
0.0000000e+00,-1.5981338e+00,-1.9462229e+00
0.0000000e+00,1.4100866e+00,1.1208468e+00
0.0000000e+00,-5.0094323e-01,9.2992228e-02
0.0000000e+00,-4.9621223e-01,-9.1333698e-01
1.0000000e+00,1.1595105e+00,2.4133845e-01
1.0000000e+00,7.8457303e-02,7.6697353e-01
1.0000000e+00,-1.9258382e-01,8.1119399e-01
0.0000000e+00,3.9152261e-01,2.9680184e-01
1.0000000e+00,4.8501051e-01,1.1420975e+00
0.0000000e+00,-1.4645566e+00,-1.4917591e+00
0.0000000e+00,-1.3500265e+00,-1.3649069e+00
1.0000000e+00,-1.2618991e+00,-2.2287230e-01
0.0000000e+00,2.4139674e-01,-3.3631205e-01
0.0000000e+00,-1.7575570e-02,-1.0076015e-02
0.0000000e+00,-7.9463276e-01,-6.8797234e-01
1.0000000e+00,1.3902752e+00,3.3249162e-01
0.0000000e+00,-5.6402128e-01,-4.0870985e-01
1.0000000e+00,-6.5911686e-01,-9.6514283e-01
0.0000000e+00,4.8951775e-01,-3.2382325e-01
1.0000000e+00,-4.8114173e-01,9.7229852e-01
1.0000000e+00,-2.2602216e-01,6.4533717e-01
0.0000000e+00,-1.7576267e+00,-1.1212009e+00
0.0000000e+00,1.2962948e+00,-2.0160741e+00
1.0000000e+00,8.9088085e-01,2.3046464e-01
1.0000000e+00,4.3931773e-01,5.6587158e-01
1.0000000e+00,1.3575647e+00,-1.8191785e-01
0.0000000e+00,-1.7886313e+00,-1.4895323e+00
0.0000000e+00,1.7791838e+00,-1.3324814e+00
1.0000000e+00,1.3016255e+00,-2.7043895e-01
1.0000000e+00,-7.2381226e-02,1.0551255e+00
1.0000000e+00,-1.6237790e-01,8.2479937e-01
1.0000000e+00,3.8339532e-01,5.3889291e-01
0.0000000e+00,1.7049852e+00,-1.5541006e+00
1.0000000e+00,-1.3479869e+00,-1.2430218e-01
1.0000000e+00,-3.0679516e-01,4.5458080e-01
1.0000000e+00,9.5694651e-01,4.1286369e-01
1.0000000e+00,-4.1823623e-01,9.2544218e-01
1.0000000e+00,-1.2611062e+00,-2.8642815e-02
0.0000000e+00,9.8839809e-01,-1.5196022e+00
1.0000000e+00,-1.3511520e+00,-8.6408708e-02
1.0000000e+00,-1.4115148e+00,1.1011365e-01
0.0000000e+00,-1.5351182e+00,-1.1466350e+00
0.0000000e+00,1.1609684e+00,-1.7328243e+00
0.0000000e+00,9.3424886e-01,-2.0345929e+00
1.0000000e+00,-1.4476748e+00,-3.3596566e-01
0.0000000e+00,1.3685946e+00,-2.1238069e+00
0.0000000e+00,-1.0146235e+00,-4.2550565e-01
0.0000000e+00,1.0694265e+00,1.4679393e+00
0.0000000e+00,1.4771339e+00,-1.1228075e+00
0.0000000e+00,1.6635273e+00,-1.9361760e+00
0.0000000e+00,-3.2006944e-01,2.2312515e-01
0.0000000e+00,1.3923539e+00,-1.8014499e+00
0.0000000e+00,3.0097424e-01,-7.1055428e-01
1.0000000e+00,1.5715785e+00,7.1592208e-02
0.0000000e+00,4.8700455e-01,-6.8155787e-01
0.0000000e+00,1.8745824e+00,-2.1952524e+00
1.0000000e+00,4.0740260e-01,4.4180897e-01
1.0000000e+00,-9.6470308e-02,-1.6251260e+00
1.0000000e+00,-1.4009784e+00,1.8019344e-01
1.0000000e+00,-6.4822902e-01,9.8799668e-01
0.0000000e+00,-1.5687290e+00,-1.2477735e+00
0.0000000e+00,-7.7215250e-01,-1.5485076e+00
0.0000000e+00,-1.8334974e+00,-1.5102872e+00
1.0000000e+00,-1.0315629e+00,3.0110215e-01
1.0000000e+00,-4.0773691e-01,4.3622801e-01
1.0000000e+00,-6.3750212e-01,1.1399782e+00
1.0000000e+00,1.1842419e+00,-2.3884542e-01
0.0000000e+00,-7.0288497e-02,2.9683470e-01
0.0000000e+00,-1.2450869e+00,-2.0418416e+00
1.0000000e+00,-5.4559188e-02,-2.0501942e+00
0.0000000e+00,-4.8875786e-01,-3.0035798e-01
0.0000000e+00,1.4927967e+00,-1.3371725e+00
0.0000000e+00,-2.5888622e-01,2.0431874e-01
1.0000000e+00,-3.8163217e-03,8.4415032e-01
0.0000000e+00,1.4660477e+00,9.9452909e-01
1.0000000e+00,-1.6614385e-01,5.4228227e-01
1.0000000e+00,-5.0213790e-01,9.1441608e-01
0.0000000e+00,-7.0375423e-01,-8.8880534e-01
1.0000000e+00,-7.1933508e-01,7.7647239e-01
0.0000000e+00,-7.6988644e-01,-4.6022353e-01
0.0000000e+00,1.3278955e-01,7.7827195e-01
1.0000000e+00,1.7166293e-01,-1.7015078e+00
0.0000000e+00,-2.1258590e+00,-1.2932210e+00
0.0000000e+00,-2.7138582e-01,-5.3811308e-01
1.0000000e+00,1.5960408e+00,-2.0007881e-01
0.0000000e+00,-1.8373903e+00,-1.2561344e+00
0.0000000e+00,1.2267090e+00,-1.5009148e+00
0.0000000e+00,-7.6990125e-01,-5.3957658e-01
1.0000000e+00,-4.6751659e-01,6.6789975e-01
0.0000000e+00,-1.9170952e+00,-8.7004596e-01
0.0000000e+00,4.9287561e-01,-5.2486445e-01
1.0000000e+00,-1.3133290e+00,-3.3932293e-01
0.0000000e+00,-1.8542051e+00,-2.2851002e+00
0.0000000e+00,1.8231513e+00,-1.3604286e+00
1.0000000e+00,-3.0783945e-01,9.1814701e-01
0.0000000e+00,-1.4673543e+00,-1.1353315e+00
0.0000000e+00,-2.6794073e-01,3.1123749e-01
0.0000000e+00,-1.0142385e+00,-4.4426532e-01
1.0000000e+00,1.9377938e-01,-1.4376342e+00
0.0000000e+00,1.5153921e+00,-1.6702282e+00
1.0000000e+00,1.3259346e+00,-3.7198116e-01
0.0000000e+00,-1.1105080e+00,-1.3592066e+00
0.0000000e+00,-1.6731256e+00,-1.3476115e+00
0.0000000e+00,1.3157927e+00,-1.2446686e+00
1.0000000e+00,-4.4476942e-01,5.5737601e-01
0.0000000e+00,-1.5820901e+00,-1.7370721e+00
1.0000000e+00,1.3239502e+00,-2.5007681e-01
0.0000000e+00,1.4977514e+00,1.6450674e+00
1.0000000e+00,2.9405871e-01,-1.9759988e+00
1.0000000e+00,5.9815343e-01,1.5239096e+00
1.0000000e+00,-4.0254322e-01,-1.5565799e+00
0.0000000e+00,-2.6302012e-01,-2.3146113e-02
1.0000000e+00,-1.7631895e+00,-3.4875743e-03
1.0000000e+00,2.2308252e-01,7.7586782e-01
0.0000000e+00,-1.5094530e+00,-1.6832193e+00
0.0000000e+00,1.4466171e+00,1.1439537e+00
1.0000000e+00,1.7830266e-01,-2.1503385e+00
1.0000000e+00,-4.5633375e-02,-1.6768354e+00
0.0000000e+00,4.2441016e-01,-8.9926321e-01
0.0000000e+00,8.7670928e-01,-7.4560002e-01
1.0000000e+00,-3.1155565e-01,-1.1501018e+00
0.0000000e+00,-1.3396760e+00,-1.9378951e+00
1.0000000e+00,4.6906447e-01,1.1975669e+00
0.0000000e+00,1.0999393e+00,-5.1014665e-01
1.0000000e+00,9.8293743e-01,-2.4347943e-01
1.0000000e+00,7.1499014e-01,1.2003950e+00
1.0000000e+00,5.4006771e-01,1.3391328e+00
1.0000000e+00,-2.1488442e-01,-1.6577577e+00
1.0000000e+00,3.4312233e-01,4.1204931e-01
0.0000000e+00,1.5848764e+00,-9.8418838e-01
1.0000000e+00,-7.3875563e-01,6.5326499e-01
0.0000000e+00,1.2751271e+00,-1.4522654e+00
0.0000000e+00,-1.9495895e-01,3.7458720e-01
1.0000000e+00,-1.3029169e+00,-4.5960767e-01
0.0000000e+00,-6.7280173e-01,-7.9633456e-01
1.0000000e+00,-4.3470364e-01,8.3461849e-01
0.0000000e+00,-1.3788736e+00,-2.0943619e+00
1.0000000e+00,-1.3705174e+00,2.2733306e-01
1.0000000e+00,3.6819330e-01,5.8735878e-01
1.0000000e+00,7.5573131e-01,8.4915785e-01
0.0000000e+00,-3.8794292e-01,-5.3148952e-01
0.0000000e+00,1.2900076e+00,-9.7092518e-01
1.0000000e+00,3.4209568e-01,1.0376786e+00
0.0000000e+00,-3.6266123e-01,8.7480241e-02
1.0000000e+00,1.2919965e+00,-3.3494053e-01
0.0000000e+00,1.6138824e+00,-1.8754304e+00
0.0000000e+00,2.5168996e+00,-1.7726266e+00
1.0000000e+00,-8.1371913e-01,7.7976478e-01
1.0000000e+00,1.9549945e-01,-1.2658619e+00
0.0000000e+00,7.8712889e-01,-5.8483076e-01
0.0000000e+00,9.7873038e-01,-5.4783710e-01
0.0000000e+00,7.7824570e-01,1.2205769e+00
1.0000000e+00,5.4320728e-01,7.9606718e-01
0.0000000e+00,-6.6666181e-01,-4.5974089e-01
0.0000000e+00,-2.1399726e-01,1.1126585e-01
1.0000000e+00,-1.1393899e+00,-2.0814137e-01
1.0000000e+00,1.4202033e+00,1.1118499e-01
1.0000000e+00,-6.2184270e-02,-1.2069399e+00
1.0000000e+00,-9.6303531e-01,2.2274764e-01
0.0000000e+00,-9.6261320e-01,-1.8536838e+00
1.0000000e+00,6.7026867e-01,1.0690151e+00
0.0000000e+00,-1.0956039e+00,-1.3034691e+00
0.0000000e+00,1.4173132e+00,-1.3882914e+00
0.0000000e+00,5.4011146e-03,2.9803223e-01
0.0000000e+00,-7.5454383e-03,-5.3417883e-02
1.0000000e+00,7.1512732e-01,8.8982937e-01
1.0000000e+00,-1.7764166e+00,1.4149832e-01
0.0000000e+00,-6.0493168e-01,-1.4036188e+00
0.0000000e+00,8.4102607e-01,-4.1767830e-01
0.0000000e+00,7.8791503e-01,-7.1095146e-01
0.0000000e+00,9.7608219e-01,-2.1177776e+00
1.0000000e+00,-2.7578265e-01,8.2008547e-01
1.0000000e+00,1.1395878e+00,1.1980270e+00
1.0000000e+00,6.3531928e-01,1.0546191e+00
1.0000000e+00,9.7296622e-02,-1.5400978e+00
0.0000000e+00,1.8792152e+00,-1.5723627e+00
1.0000000e+00,3.3712502e-01,-6.2816915e-01
0.0000000e+00,-6.9531723e-02,-5.7120298e-01
0.0000000e+00,3.2126251e-01,1.2790002e-02
1.0000000e+00,-1.4945481e-01,-1.5336964e+00
0.0000000e+00,1.5277008e+00,-1.5609174e+00
1.0000000e+00,6.8518831e-02,-1.3757468e+00
0.0000000e+00,1.6499586e+00,-1.1818363e+00
0.0000000e+00,-9.6787861e-01,-1.0871222e+00
1.0000000e+00,3.0137984e-01,7.3114095e-01
0.0000000e+00,1.0156320e+00,-1.8933215e+00
1.0000000e+00,1.0746656e-01,-2.0997286e+00
1.0000000e+00,-9.5303807e-01,4.1526128e-01
1.0000000e+00,6.1587464e-01,1.8696957e-01
1.0000000e+00,-2.6696124e-01,-1.2112723e+00
1.0000000e+00,9.2424580e-01,-1.0670804e-01
0.0000000e+00,1.2278760e+00,-1.7279152e+00
0.0000000e+00,8.4399518e-01,-3.4071013e-01
0.0000000e+00,2.3531056e-01,5.9362987e-01
1.0000000e+00,1.4670071e+00,-4.3876428e-01
0.0000000e+00,1.1589802e+00,1.2664847e+00
1.0000000e+00,-1.3070086e+00,3.3824781e-01
0.0000000e+00,-6.2039385e-01,-7.7536667e-01
0.0000000e+00,-1.5830184e+00,-1.4178573e+00
0.0000000e+00,1.4346488e+00,-1.1278779e+00
1.0000000e+00,-2.1217878e-01,-1.7774707e+00
0.0000000e+00,1.7869174e+00,-1.7413626e+00
0.0000000e+00,-1.1532911e+00,-1.5593809e+00
0.0000000e+00,-1.5758709e+00,-1.1773048e+00
1.0000000e+00,-7.4336914e-01,6.8063546e-01
0.0000000e+00,-1.6133718e+00,-9.9660713e-01
0.0000000e+00,-9.6501489e-02,-1.8486138e-01
1.0000000e+00,1.0748463e+00,1.5125975e-01
0.0000000e+00,-4.3073676e-02,9.9337584e-02
0.0000000e+00,-1.1759323e+00,-2.0140075e+00
0.0000000e+00,-1.5917394e+00,-2.2208648e+00
1.0000000e+00,6.5273161e-01,7.3278290e-01
0.0000000e+00,1.2765903e+00,1.0381342e+00
1.0000000e+00,6.8804325e-01,4.9778589e-01
1.0000000e+00,1.1162920e+00,-1.2546680e-01
1.0000000e+00,-9.7937590e-01,-1.9457372e-01
1.0000000e+00,-4.4955201e-01,-1.7036643e+00
1.0000000e+00,-8.7035246e-01,2.3634670e-01
0.0000000e+00,9.5889865e-01,-1.1275866e+00
1.0000000e+00,9.4541645e-01,9.5554845e-01
0.0000000e+00,7.5838501e-01,-9.0904238e-01
1.0000000e+00,-6.5605391e-01,7.1024995e-01
1.0000000e+00,5.1583254e-01,1.2783938e+00
0.0000000e+00,-1.4701278e+00,-1.5944482e+00
0.0000000e+00,-1.4106167e+00,-1.1761991e+00
0.0000000e+00,1.6900651e+00,-1.5314772e+00
0.0000000e+00,-2.5521711e-01,-9.2272325e-01
0.0000000e+00,2.8926055e-02,-1.4287435e-01
0.0000000e+00,1.3172659e+00,-9.8126454e-01
1.0000000e+00,1.2951543e+00,7.2114668e-01
1.0000000e+00,6.9177165e-01,-1.0539789e+00
0.0000000e+00,-3.5995148e-01,2.1455292e-01
0.0000000e+00,1.4411965e+00,1.3877693e+00
0.0000000e+00,1.2666985e+00,1.3115568e+00
1.0000000e+00,1.2021390e+00,-1.7162763e-01
0.0000000e+00,8.5058597e-01,-9.6809417e-01
0.0000000e+00,2.3358229e-01,-4.5232263e-01
0.0000000e+00,8.1113801e-01,-1.2576340e+00
0.0000000e+00,-7.7536574e-01,-6.0274570e-01
1.0000000e+00,6.6105460e-01,6.1657349e-01
1.0000000e+00,1.1177379e+00,-4.5241863e-01
0.0000000e+00,1.4643477e+00,1.3195123e+00
0.0000000e+00,6.7741275e-01,2.2273711e-01
0.0000000e+00,-1.3475597e+00,-1.6915090e+00
0.0000000e+00,-2.0734789e+00,-2.1785854e+00
1.0000000e+00,1.2083717e+00,-1.8241026e-01
0.0000000e+00,1.0140704e+00,8.5120264e-01
0.0000000e+00,3.4646804e-01,2.7802976e-01
0.0000000e+00,-3.4581166e-01,1.7770496e-03
0.0000000e+00,7.1723369e-01,-8.2046719e-01
1.0000000e+00,1.1115243e+00,1.4837915e+00
1.0000000e+00,-8.9548425e-02,-1.9893254e+00
0.0000000e+00,1.1048084e+00,-1.1588665e+00
0.0000000e+00,1.6065699e+00,-1.3876557e+00
0.0000000e+00,-5.9273523e-01,-9.0666831e-01
1.0000000e+00,-9.0721885e-01,9.2479264e-01
0.0000000e+00,1.2344762e+00,-1.2511482e+00
1.0000000e+00,3.5620501e-01,7.9583780e-01
0.0000000e+00,-9.5634528e-01,-6.5572836e-01
1.0000000e+00,3.5223395e-01,8.5145625e-01
1.0000000e+00,1.6833215e+00,-1.4007614e-01
1.0000000e+00,-1.0590892e+00,7.4849328e-02
0.0000000e+00,-1.4906220e+00,-1.6360134e+00
0.0000000e+00,-1.2371696e+00,-1.9892137e+00
1.0000000e+00,1.1743863e+00,1.0671611e-01
0.0000000e+00,1.2523613e+00,-1.7053147e+00
1.0000000e+00,1.7390983e-01,-1.2845433e+00
1.0000000e+00,8.8795244e-01,1.0297449e+00
0.0000000e+00,-1.6318333e-01,-8.5571454e-02
0.0000000e+00,-2.3844856e-01,2.8180118e-01
1.0000000e+00,-1.2589525e+00,1.9229982e-01
1.0000000e+00,-2.1250268e-01,-1.6667257e+00
0.0000000e+00,5.7729220e-01,-4.4399743e-01
0.0000000e+00,1.7488122e-01,2.6415410e-02
1.0000000e+00,4.1219969e-01,9.0776355e-01
0.0000000e+00,-2.7857628e-01,-1.1398773e+00
1.0000000e+00,-6.6179090e-01,9.2478298e-01
0.0000000e+00,-5.3570518e-01,-6.4020933e-01
1.0000000e+00,1.5642253e+00,-4.5907132e-02
0.0000000e+00,-1.0294447e-01,-1.3804584e-02
1.0000000e+00,-2.3555351e-01,-1.3839130e+00
1.0000000e+00,3.7078282e-01,7.6514096e-01
0.0000000e+00,1.2927178e+00,-1.3433615e+00
1.0000000e+00,-3.6346111e-01,6.6241070e-01
0.0000000e+00,1.7718317e+00,-1.4086965e+00
0.0000000e+00,-3.8195522e-01,4.2971002e-02
1.0000000e+00,-3.0363965e-01,1.1365513e+00
1.0000000e+00,2.6789705e-01,-1.4093066e+00
0.0000000e+00,1.4225707e+00,-9.7979363e-01
1.0000000e+00,1.0636085e+00,-1.2898094e+00
1.0000000e+00,1.4161054e+00,4.2937658e-02
1.0000000e+00,1.0536363e+00,-1.8461313e-02
0.0000000e+00,-3.4088610e-01,1.1294391e-01
1.0000000e+00,8.6431318e-01,9.2097167e-01
0.0000000e+00,-2.1372587e+00,-1.8197714e+00
0.0000000e+00,-7.7399026e-01,-8.2520398e-01
0.0000000e+00,-4.1484960e-01,5.3235369e-01
1.0000000e+00,-1.5291872e+00,1.5528988e-02
1.0000000e+00,-6.1554542e-02,-2.1022104e+00
0.0000000e+00,-5.0517226e-01,-1.1237594e+00
1.0000000e+00,9.2827031e-01,6.6865351e-01
0.0000000e+00,1.0207063e+00,-1.0082601e+00
0.0000000e+00,1.2599103e+00,1.6092389e+00
0.0000000e+00,-5.0816121e-01,-1.3422831e+00
1.0000000e+00,1.5013415e+00,1.4307960e-01
0.0000000e+00,-4.9386240e-01,-3.0850405e-01
0.0000000e+00,2.5730397e-01,-9.1373965e-01
0.0000000e+00,1.3704278e+00,-1.6486025e+00
1.0000000e+00,-4.4441239e-01,7.8373098e-01
0.0000000e+00,9.9980172e-01,-6.1017560e-01
1.0000000e+00,-2.6245090e-01,-1.9402689e+00
0.0000000e+00,-3.6302735e-01,-2.2111005e-01
1.0000000e+00,7.6541446e-01,5.0682815e-01
0.0000000e+00,8.8348642e-01,1.1981005e+00
1.0000000e+00,7.7105636e-01,8.5192672e-01
1.0000000e+00,4.8209567e-01,7.6015711e-01
1.0000000e+00,-9.1435652e-01,-2.5837766e-02
0.0000000e+00,1.8969737e+00,-1.4402732e+00
1.0000000e+00,8.8309408e-02,-1.7396628e+00
1.0000000e+00,-6.9745471e-01,-2.0333571e+00
1.0000000e+00,4.1793309e-01,7.3962875e-01
0.0000000e+00,-1.0337116e+00,-6.8115176e-01
0.0000000e+00,-7.9831352e-02,8.9389976e-02
1.0000000e+00,-1.6429903e+00,6.9249298e-02
0.0000000e+00,-1.5099985e+00,-1.2442605e+00
0.0000000e+00,1.2125394e+00,-7.3580259e-01
1.0000000e+00,-1.9391738e+00,8.3508187e-02
0.0000000e+00,-1.1322013e+00,-6.5720775e-01
0.0000000e+00,1.0572360e+00,1.4414559e+00
0.0000000e+00,-7.8825222e-01,-4.4085256e-01
1.0000000e+00,-5.8650769e-01,9.5793481e-01
0.0000000e+00,1.1998161e+00,-1.6124732e+00
1.0000000e+00,5.0048538e-01,6.1821614e-01
1.0000000e+00,-8.9279380e-01,1.0949043e+00
0.0000000e+00,-4.3865572e-01,-8.9162244e-01
0.0000000e+00,8.6227074e-01,-1.4237559e+00
1.0000000e+00,-1.3883122e+00,-2.2548227e-01
0.0000000e+00,3.3242703e-01,-4.5260100e-01
1.0000000e+00,1.0991609e-01,-1.5897473e+00
0.0000000e+00,6.0872525e-01,-3.0641804e-01
0.0000000e+00,-6.9411345e-01,-7.6222826e-01
1.0000000e+00,6.3283541e-01,1.1475736e+00
0.0000000e+00,2.4394085e-01,-5.0892944e-01
1.0000000e+00,2.5038785e-01,-1.6730103e+00
1.0000000e+00,-1.8912791e+00,-2.4422664e-01
1.0000000e+00,-2.4917718e-01,-1.5730675e+00
0.0000000e+00,-1.1856760e+00,-1.1661174e+00
0.0000000e+00,5.7574444e-01,-8.8088221e-01
0.0000000e+00,-1.3455174e+00,-1.5655530e+00
1.0000000e+00,5.8592623e-01,3.0851476e-01
1.0000000e+00,1.2296989e+00,1.1002916e-01
0.0000000e+00,1.1591509e+00,1.1212605e+00
0.0000000e+00,-6.1108668e-01,-7.4396180e-01
1.0000000e+00,2.8238843e-01,-1.5250117e+00
1.0000000e+00,-2.1746098e-01,-1.5400606e+00
1.0000000e+00,1.3691645e+00,-5.9869977e-02
0.0000000e+00,-9.5039867e-02,1.3815217e-01
1.0000000e+00,1.2634992e+00,-3.9246857e-02
1.0000000e+00,7.8444549e-01,9.6428143e-01
1.0000000e+00,1.5854861e+00,4.9636287e-02
1.0000000e+00,1.3000661e+00,7.3298753e-02
1.0000000e+00,8.6025098e-02,-1.8838908e+00
0.0000000e+00,-1.0317659e+00,-1.4742884e+00
0.0000000e+00,1.1676196e+00,-1.4858593e+00
0.0000000e+00,1.7432384e+00,-8.4311571e-01
1.0000000e+00,5.5242396e-01,7.3983775e-01
0.0000000e+00,9.9777495e-01,-8.5597054e-01
1.0000000e+00,1.3847330e+00,1.5772773e-01
1.0000000e+00,-7.4853396e-01,-1.3658173e+00
0.0000000e+00,1.7066078e+00,-1.6460241e+00
1.0000000e+00,1.2812460e+00,2.5774742e-01
0.0000000e+00,2.8190095e-01,6.9693044e-01
1.0000000e+00,6.2741018e-01,1.1680282e+00
0.0000000e+00,-4.3159744e-01,4.9442864e-01
1.0000000e+00,-4.6536840e-01,-1.8407467e+00
1.0000000e+00,9.5936127e-01,2.1445625e-01
1.0000000e+00,-5.8373784e-01,-1.4405699e+00
0.0000000e+00,4.1798037e-01,-6.1490087e-01
1.0000000e+00,1.3682352e+00,-3.6057361e-01
0.0000000e+00,5.2100712e-01,-7.7485724e-01
1.0000000e+00,-4.4840555e-01,-1.8310644e+00
0.0000000e+00,6.6975884e-01,1.4274846e+00
0.0000000e+00,1.4091988e+00,1.6076091e+00
0.0000000e+00,1.4716742e+00,-1.2175604e+00
1.0000000e+00,6.0352843e-01,9.5777983e-01
1.0000000e+00,-4.2786215e-01,-1.6324088e+00
1.0000000e+00,2.5061972e-01,9.7711623e-01
1.0000000e+00,6.2000440e-02,-1.6563496e+00
0.0000000e+00,1.5878155e+00,-1.9387596e+00
0.0000000e+00,-6.0841149e-01,9.1463862e-02
0.0000000e+00,6.0328854e-02,2.2171873e-01
0.0000000e+00,-3.0743683e-01,1.3544016e-01
1.0000000e+00,1.5710467e+00,-4.6426517e-01
1.0000000e+00,1.0667065e-01,-1.6503371e+00
0.0000000e+00,1.5340547e+00,-1.8455297e+00
1.0000000e+00,1.7245968e+00,6.8761263e-02
0.0000000e+00,-1.2722827e+00,-2.0695438e-01
1.0000000e+00,3.0861373e-01,-2.0110395e+00
0.0000000e+00,1.4695702e+00,-1.6295974e+00
0.0000000e+00,-1.6379335e+00,-8.8959052e-01
1.0000000e+00,-1.1157894e+00,1.5386589e-01
1.0000000e+00,-2.7612335e-01,9.7394137e-01
1.0000000e+00,1.7636411e+00,-4.5671956e-01
0.0000000e+00,1.6230888e+00,-1.1747403e+00
1.0000000e+00,-4.6483108e-01,3.9289356e-01
1.0000000e+00,6.3892198e-01,5.3370452e-01
1.0000000e+00,1.3994783e-01,-2.0891636e+00
0.0000000e+00,2.6944715e-01,7.8152229e-03
0.0000000e+00,9.8806539e-01,-1.3143886e+00
1.0000000e+00,-6.8871780e-01,5.6042803e-01
0.0000000e+00,6.8789533e-01,-3.7735262e-01
1.0000000e+00,-4.2534110e-01,-1.0753278e+00
0.0000000e+00,-2.7291397e-01,6.2510060e-01
1.0000000e+00,1.1147042e+00,6.4264861e-02
0.0000000e+00,1.3198756e-01,-8.3786418e-02
0.0000000e+00,1.4753941e-01,1.2910042e-01
0.0000000e+00,-2.3969658e+00,-1.4018931e+00
1.0000000e+00,-2.9647208e-01,-1.5793995e+00
0.0000000e+00,-1.5709668e+00,-1.4661620e+00
0.0000000e+00,1.5963610e+00,-1.8414177e+00
0.0000000e+00,8.4921358e-01,1.4761314e+00
0.0000000e+00,-1.1878501e+00,-1.0187437e+00
0.0000000e+00,-2.8994638e-01,-1.6518444e-01
0.0000000e+00,1.0783079e+00,-5.7372630e-01
1.0000000e+00,9.4569607e-01,5.3820396e-01
0.0000000e+00,6.8764137e-01,-1.0435737e+00
0.0000000e+00,3.1794022e-02,-8.8228984e-01
0.0000000e+00,-1.5173211e+00,-1.6160079e+00
0.0000000e+00,-8.7859982e-01,-9.9329753e-01
0.0000000e+00,2.5762767e-01,4.2476335e-01
0.0000000e+00,7.6658337e-01,-1.5884820e+00
0.0000000e+00,-3.4079206e-01,-4.9218205e-01
1.0000000e+00,1.6983650e+00,5.8734819e-01
0.0000000e+00,1.6674289e+00,-1.1556102e+00
1.0000000e+00,-2.8046220e-02,-1.5679911e+00
1.0000000e+00,3.0247333e-01,-9.3655293e-02
0.0000000e+00,8.0376741e-01,-6.3366432e-01
1.0000000e+00,-4.5199033e-01,-2.1725772e+00
0.0000000e+00,-6.4856392e-01,-7.1681177e-01
1.0000000e+00,5.9902855e-01,-1.0377355e+00
1.0000000e+00,2.5625335e-01,-1.1520224e+00
1.0000000e+00,-6.5980609e-02,8.2509130e-01
0.0000000e+00,1.5064951e+00,-1.8944694e+00
0.0000000e+00,1.5420174e-01,4.0738612e-01
1.0000000e+00,-1.1186933e+00,-1.5650618e-01
0.0000000e+00,-1.0099039e+00,-1.3459352e+00
1.0000000e+00,5.4697343e-01,1.5450232e-01
0.0000000e+00,1.5385125e+00,-1.6644740e+00
0.0000000e+00,-5.4339202e-01,-6.3931040e-01
1.0000000e+00,-6.9174666e-01,7.4378706e-01
1.0000000e+00,-6.0478592e-01,6.9212705e-01
1.0000000e+00,2.4609881e-01,-1.5541202e+00
0.0000000e+00,-1.1544963e+00,-1.1887743e+00
1.0000000e+00,1.2838939e+00,-3.5977922e-01
1.0000000e+00,-1.4015210e+00,4.5172838e-01
1.0000000e+00,3.7424917e-01,2.2601580e-01
1.0000000e+00,3.5418323e-01,4.9615515e-01
1.0000000e+00,1.3722939e+00,-3.1416315e-01
1.0000000e+00,1.5412769e+00,-1.4166872e-01
1.0000000e+00,2.0130299e-01,-1.1532987e+00
1.0000000e+00,1.2950585e+00,-3.2719305e-01
1.0000000e+00,-1.9374108e+00,-8.8657690e-02
1.0000000e+00,-5.5378132e-01,1.4397051e+00
1.0000000e+00,5.3067484e-02,-1.0279262e+00
0.0000000e+00,-8.6090490e-02,-7.3742676e-01
0.0000000e+00,9.7223461e-01,1.0025711e+00
0.0000000e+00,1.2659873e+00,-1.5671819e+00
1.0000000e+00,4.3381022e-01,7.4946308e-01
1.0000000e+00,2.4659315e-01,-1.3530979e+00
1.0000000e+00,-1.5359614e+00,8.8446150e-02
1.0000000e+00,-5.8181448e-01,3.3444270e-01
1.0000000e+00,-2.7428576e-01,6.0389376e-01
1.0000000e+00,9.8338444e-01,6.9463436e-01
1.0000000e+00,-1.4743343e+00,7.1638032e-02
0.0000000e+00,9.1691575e-01,-1.3461290e+00
0.0000000e+00,-1.8876244e+00,-1.6752928e+00
1.0000000e+00,-1.2817531e+00,1.5730839e-01
0.0000000e+00,-1.2883170e+00,-1.1773698e+00
0.0000000e+00,1.5329220e+00,-1.8958682e+00
1.0000000e+00,-8.9988229e-01,6.0610649e-01
0.0000000e+00,9.6459337e-01,1.3172277e+00
0.0000000e+00,1.8090867e+00,-1.3343628e+00
0.0000000e+00,-2.3358474e-01,-7.0840414e-02
0.0000000e+00,6.6279428e-01,-1.6751367e+00
0.0000000e+00,-1.3759954e+00,-7.8627466e-01
1.0000000e+00,-2.9031008e-01,6.4316479e-01
0.0000000e+00,-1.0094721e+00,-9.6481259e-01
1.0000000e+00,-1.4480050e+00,-5.4703913e-02
1.0000000e+00,-1.7260878e+00,8.8864763e-02
0.0000000e+00,1.8781282e+00,-2.0672887e+00
1.0000000e+00,1.6511429e+00,-5.1276423e-01
0.0000000e+00,1.3049213e+00,-1.9179623e+00
0.0000000e+00,7.4537811e-01,-1.9795652e-01
1.0000000e+00,1.2144296e+00,2.0089543e-02
0.0000000e+00,-6.2992261e-01,-7.4608771e-01
0.0000000e+00,1.3881042e-01,2.2184685e-01
0.0000000e+00,1.3063886e+00,-1.4920821e+00
0.0000000e+00,-8.3034342e-01,-3.9914968e-01
1.0000000e+00,1.0075642e-01,-9.4794689e-01
